title,price,url,rating
"LONGER Laser Engraver Ray5 5W Higher Accuracy DIY Laser Engraving Machine with 3.5"" Touch Screen,Offline Usage Laser Cutter,400x400mm,0.08mm Laser Spot, CNC Laser Cutter for Wood Metal Acrylic Glass",$197.84,https://www.amazon.com/Engraver-5W-Accuracy-Engraving-400x400mm/dp/B0CZ9464MM/ref=sr_1_1?crid=2WVEEK6SPFYCI&dib=eyJ2IjoiMSJ9.OzLeIJHI3RKWw2Uk_jTB3SOfKJ4JuEc5HpDYGm8rkDksuKaUknRPuZPfavQZY02ivIdnDBDOdksM1qDl-haMxZVuYsyqsdCJonD0oYTlKjKP-nxRz4k6sMF0hWqLoMawIEGYNygmuIZ6_e3OUMNCGEzuqeIAuY9JSW4GPYnLXYTfzFz_re-rCrXy6KtURdbtPAWWMBsrPk2ZA2Uz26gfU9gLyDqhlsVqoxUAowQn9QrqAbXHyJ7vAgYomSyqMEzEDGCatvG6mG2MgXmTLOkWGgW9ERsbs0dYnY0RvHAEQm0.mfV8uqlU96Ovs0NYxFEQclIhDFxGhAfbvlCDqc0LLb8&dib_tag=se&keywords=laser+engraver&qid=1754235116&sr=8-1,4.3 out of 5 stars
"ORTUR Laser Master 2 S2 LU2-10A Laser Engraver Laser, 10000mW Engraving Cutting Machine, Class 4 High Accuracy Laser Cutter, DIY Laser Marking for Metal",$218.99,https://www.amazon.com/ORTUR-Laser-Master-Engraving-Motherboard/dp/B08CBV9FQ2/ref=sr_1_2?crid=2WVEEK6SPFYCI&dib=eyJ2IjoiMSJ9.OzLeIJHI3RKWw2Uk_jTB3SOfKJ4JuEc5HpDYGm8rkDksuKaUknRPuZPfavQZY02ivIdnDBDOdksM1qDl-haMxZVuYsyqsdCJonD0oYTlKjKP-nxRz4k6sMF0hWqLoMawIEGYNygmuIZ6_e3OUMNCGEzuqeIAuY9JSW4GPYnLXYTfzFz_re-rCrXy6KtURdbtPAWWMBsrPk2ZA2Uz26gfU9gLyDqhlsVqoxUAowQn9QrqAbXHyJ7vAgYomSyqMEzEDGCatvG6mG2MgXmTLOkWGgW9ERsbs0dYnY0RvHAEQm0.mfV8uqlU96Ovs0NYxFEQclIhDFxGhAfbvlCDqc0LLb8&dib_tag=se&keywords=laser+engraver&qid=1754235116&sr=8-2,4.2 out of 5 stars
"WAINLUXPRO K10 3W Laser Engraver Machine, Mini Laser Engraving Machine for Wood Leather Silicone Paper Glass Acrylic Cloth, Grabadora Láser, Engraver Laser Class1",$149.99,https://www.amazon.com/WAINLUX-K10-Engraver-Engraving-Grabadora/dp/B0DMN5SGT4/ref=sr_1_3?crid=2WVEEK6SPFYCI&dib=eyJ2IjoiMSJ9.OzLeIJHI3RKWw2Uk_jTB3SOfKJ4JuEc5HpDYGm8rkDksuKaUknRPuZPfavQZY02ivIdnDBDOdksM1qDl-haMxZVuYsyqsdCJonD0oYTlKjKP-nxRz4k6sMF0hWqLoMawIEGYNygmuIZ6_e3OUMNCGEzuqeIAuY9JSW4GPYnLXYTfzFz_re-rCrXy6KtURdbtPAWWMBsrPk2ZA2Uz26gfU9gLyDqhlsVqoxUAowQn9QrqAbXHyJ7vAgYomSyqMEzEDGCatvG6mG2MgXmTLOkWGgW9ERsbs0dYnY0RvHAEQm0.mfV8uqlU96Ovs0NYxFEQclIhDFxGhAfbvlCDqc0LLb8&dib_tag=se&keywords=laser+engraver&qid=1754235116&sr=8-3,4.7 out of 5 stars
"xTool F1 2-in-1 Dual Laser Engraver, Lightning Speed Portable Laser Engraving Machine, HD Laser Engraver for Jewelry, Metal, Wood, Leather","$1,699.00",https://www.amazon.com/xTool-F1-Engraver-Lightning-Resolution/dp/B0CC56W8P6/ref=sr_1_4?crid=2WVEEK6SPFYCI&dib=eyJ2IjoiMSJ9.OzLeIJHI3RKWw2Uk_jTB3SOfKJ4JuEc5HpDYGm8rkDksuKaUknRPuZPfavQZY02ivIdnDBDOdksM1qDl-haMxZVuYsyqsdCJonD0oYTlKjKP-nxRz4k6sMF0hWqLoMawIEGYNygmuIZ6_e3OUMNCGEzuqeIAuY9JSW4GPYnLXYTfzFz_re-rCrXy6KtURdbtPAWWMBsrPk2ZA2Uz26gfU9gLyDqhlsVqoxUAowQn9QrqAbXHyJ7vAgYomSyqMEzEDGCatvG6mG2MgXmTLOkWGgW9ERsbs0dYnY0RvHAEQm0.mfV8uqlU96Ovs0NYxFEQclIhDFxGhAfbvlCDqc0LLb8&dib_tag=se&keywords=laser+engraver&qid=1754235116&sr=8-4,4.4 out of 5 stars
"CREALITY FALCON2 22W Laser Engraver Machine with Air Assist and Rotary Roller, 220W High Accuracy Laser Engraver and Cutter Machine for Cylindrical Objects, 25000mm/min Faster Engraving",$689.00,https://www.amazon.com/Engraver-Tumbler-Engraving-Machine-Personalized/dp/B0CM8SLXNZ/ref=sr_1_5?crid=2WVEEK6SPFYCI&dib=eyJ2IjoiMSJ9.OzLeIJHI3RKWw2Uk_jTB3SOfKJ4JuEc5HpDYGm8rkDksuKaUknRPuZPfavQZY02ivIdnDBDOdksM1qDl-haMxZVuYsyqsdCJonD0oYTlKjKP-nxRz4k6sMF0hWqLoMawIEGYNygmuIZ6_e3OUMNCGEzuqeIAuY9JSW4GPYnLXYTfzFz_re-rCrXy6KtURdbtPAWWMBsrPk2ZA2Uz26gfU9gLyDqhlsVqoxUAowQn9QrqAbXHyJ7vAgYomSyqMEzEDGCatvG6mG2MgXmTLOkWGgW9ERsbs0dYnY0RvHAEQm0.mfV8uqlU96Ovs0NYxFEQclIhDFxGhAfbvlCDqc0LLb8&dib_tag=se&keywords=laser+engraver&qid=1754235116&sr=8-5,4.2 out of 5 stars
"xTool P2S 55W CO2 Laser Cutter, Smart Desktop CO2 Laser Engraver and Cutter Machine, Dual Smart 16MP Cameras, 3D Curved Cylinder Engraving, Create with Wood and Metal Acrylic Glass Fabric Leather","$4,599.00",https://www.amazon.com/xTool-Desktop-Engraver-Cylinder-Engraving/dp/B0DDXQYH36/ref=sr_1_6?crid=2WVEEK6SPFYCI&dib=eyJ2IjoiMSJ9.OzLeIJHI3RKWw2Uk_jTB3SOfKJ4JuEc5HpDYGm8rkDksuKaUknRPuZPfavQZY02ivIdnDBDOdksM1qDl-haMxZVuYsyqsdCJonD0oYTlKjKP-nxRz4k6sMF0hWqLoMawIEGYNygmuIZ6_e3OUMNCGEzuqeIAuY9JSW4GPYnLXYTfzFz_re-rCrXy6KtURdbtPAWWMBsrPk2ZA2Uz26gfU9gLyDqhlsVqoxUAowQn9QrqAbXHyJ7vAgYomSyqMEzEDGCatvG6mG2MgXmTLOkWGgW9ERsbs0dYnY0RvHAEQm0.mfV8uqlU96Ovs0NYxFEQclIhDFxGhAfbvlCDqc0LLb8&dib_tag=se&keywords=laser+engraver&qid=1754235116&sr=8-6,4.3 out of 5 stars
"xTool F1 Ultra 20W Fiber & Diode Dual Laser Engraver, 10000mm/s Ultra Fast Laser Engraver and Cutter Machine for Jewelry, Metal, Wood, 16MP Smart Camera, Auto Streamline, 3D Engraving Machine","$3,699.00",https://www.amazon.com/xTool-Engraver-10000mm-Streamline-Engraving/dp/B0D9Q787GN/ref=sr_1_7?crid=2WVEEK6SPFYCI&dib=eyJ2IjoiMSJ9.OzLeIJHI3RKWw2Uk_jTB3SOfKJ4JuEc5HpDYGm8rkDksuKaUknRPuZPfavQZY02ivIdnDBDOdksM1qDl-haMxZVuYsyqsdCJonD0oYTlKjKP-nxRz4k6sMF0hWqLoMawIEGYNygmuIZ6_e3OUMNCGEzuqeIAuY9JSW4GPYnLXYTfzFz_re-rCrXy6KtURdbtPAWWMBsrPk2ZA2Uz26gfU9gLyDqhlsVqoxUAowQn9QrqAbXHyJ7vAgYomSyqMEzEDGCatvG6mG2MgXmTLOkWGgW9ERsbs0dYnY0RvHAEQm0.mfV8uqlU96Ovs0NYxFEQclIhDFxGhAfbvlCDqc0LLb8&dib_tag=se&keywords=laser+engraver&qid=1754235116&sr=8-7,4.4 out of 5 stars
"Laser Engraving Machine, Woxcker L2 MAX 10W Enclosure Laser Engraver, CNC Engraving Machine 0.01mm High Precision Laser Engraving and Cutting for Wood Stainless Steel Glass",$499.99,https://www.amazon.com/Engraving-Woxcker-L2-MAX-Enclosure/dp/B0DS242VMG/ref=sr_1_8?crid=2WVEEK6SPFYCI&dib=eyJ2IjoiMSJ9.OzLeIJHI3RKWw2Uk_jTB3SOfKJ4JuEc5HpDYGm8rkDksuKaUknRPuZPfavQZY02ivIdnDBDOdksM1qDl-haMxZVuYsyqsdCJonD0oYTlKjKP-nxRz4k6sMF0hWqLoMawIEGYNygmuIZ6_e3OUMNCGEzuqeIAuY9JSW4GPYnLXYTfzFz_re-rCrXy6KtURdbtPAWWMBsrPk2ZA2Uz26gfU9gLyDqhlsVqoxUAowQn9QrqAbXHyJ7vAgYomSyqMEzEDGCatvG6mG2MgXmTLOkWGgW9ERsbs0dYnY0RvHAEQm0.mfV8uqlU96Ovs0NYxFEQclIhDFxGhAfbvlCDqc0LLb8&dib_tag=se&keywords=laser+engraver&qid=1754235116&sr=8-8,4.6 out of 5 stars
"Creality Falcon 5W Laser Engraver Machine, 72w High Precision 0.06mm Laser Cutter and Engraving Machine for Wood Metal Leather Acrylic Glass, 10000mm/min, Offline Usage, CNC Laser Engraver",$199.00,https://www.amazon.com/Creality-Falcon-Engraver-Precision-Engraving/dp/B0FHHFHSG1/ref=sr_1_9?crid=2WVEEK6SPFYCI&dib=eyJ2IjoiMSJ9.OzLeIJHI3RKWw2Uk_jTB3SOfKJ4JuEc5HpDYGm8rkDksuKaUknRPuZPfavQZY02ivIdnDBDOdksM1qDl-haMxZVuYsyqsdCJonD0oYTlKjKP-nxRz4k6sMF0hWqLoMawIEGYNygmuIZ6_e3OUMNCGEzuqeIAuY9JSW4GPYnLXYTfzFz_re-rCrXy6KtURdbtPAWWMBsrPk2ZA2Uz26gfU9gLyDqhlsVqoxUAowQn9QrqAbXHyJ7vAgYomSyqMEzEDGCatvG6mG2MgXmTLOkWGgW9ERsbs0dYnY0RvHAEQm0.mfV8uqlU96Ovs0NYxFEQclIhDFxGhAfbvlCDqc0LLb8&dib_tag=se&keywords=laser+engraver&qid=1754235116&sr=8-9,4.2 out of 5 stars
"ATOMSTACK 20W Laser Engraver, A20 PRO V2 Laser Cutter, High Accuracy Laser Engraving Machine for Personalized Gifts, Business Cards, Wood, Metal, Acrylic, Leather",$399.99,https://www.amazon.com/ATOMSTACK-A20-PRO-V2-Personalized/dp/B0DHG5LNKL/ref=sr_1_10?crid=2WVEEK6SPFYCI&dib=eyJ2IjoiMSJ9.OzLeIJHI3RKWw2Uk_jTB3SOfKJ4JuEc5HpDYGm8rkDksuKaUknRPuZPfavQZY02ivIdnDBDOdksM1qDl-haMxZVuYsyqsdCJonD0oYTlKjKP-nxRz4k6sMF0hWqLoMawIEGYNygmuIZ6_e3OUMNCGEzuqeIAuY9JSW4GPYnLXYTfzFz_re-rCrXy6KtURdbtPAWWMBsrPk2ZA2Uz26gfU9gLyDqhlsVqoxUAowQn9QrqAbXHyJ7vAgYomSyqMEzEDGCatvG6mG2MgXmTLOkWGgW9ERsbs0dYnY0RvHAEQm0.mfV8uqlU96Ovs0NYxFEQclIhDFxGhAfbvlCDqc0LLb8&dib_tag=se&keywords=laser+engraver&qid=1754235116&sr=8-10,4.1 out of 5 stars
"LONGER RAY5 Mini Laser Engraver, 12000mm/min High-Speed Cutter for Wood, Metal, Acrylic, Leather, DIY CNC, 140x130mm Engraving Area, WiFi, Emergency Stop Safety (2.5W)",$91.94,https://www.amazon.com/RAY5-Mini-High-Speed-140x130mm-Engraving/dp/B0F2YPY66Q/ref=sr_1_11?crid=2WVEEK6SPFYCI&dib=eyJ2IjoiMSJ9.OzLeIJHI3RKWw2Uk_jTB3SOfKJ4JuEc5HpDYGm8rkDksuKaUknRPuZPfavQZY02ivIdnDBDOdksM1qDl-haMxZVuYsyqsdCJonD0oYTlKjKP-nxRz4k6sMF0hWqLoMawIEGYNygmuIZ6_e3OUMNCGEzuqeIAuY9JSW4GPYnLXYTfzFz_re-rCrXy6KtURdbtPAWWMBsrPk2ZA2Uz26gfU9gLyDqhlsVqoxUAowQn9QrqAbXHyJ7vAgYomSyqMEzEDGCatvG6mG2MgXmTLOkWGgW9ERsbs0dYnY0RvHAEQm0.mfV8uqlU96Ovs0NYxFEQclIhDFxGhAfbvlCDqc0LLb8&dib_tag=se&keywords=laser+engraver&qid=1754235116&sr=8-11,4.8 out of 5 stars
"Laser Engraving Machine, Woxcker S1 3.5w Mini Laser Engraving Machine Portable 130mm*130mm Bed Size 0.05 Laser Spot for DIY, Wood, Acrylic, Leather, Leaf, Paper, Beginner-Friendly",$139.99,https://www.amazon.com/Engraving-Woxcker-S1-Portable-Beginner-Friendly/dp/B0DNQJZHDR/ref=sr_1_12?crid=2WVEEK6SPFYCI&dib=eyJ2IjoiMSJ9.OzLeIJHI3RKWw2Uk_jTB3SOfKJ4JuEc5HpDYGm8rkDksuKaUknRPuZPfavQZY02ivIdnDBDOdksM1qDl-haMxZVuYsyqsdCJonD0oYTlKjKP-nxRz4k6sMF0hWqLoMawIEGYNygmuIZ6_e3OUMNCGEzuqeIAuY9JSW4GPYnLXYTfzFz_re-rCrXy6KtURdbtPAWWMBsrPk2ZA2Uz26gfU9gLyDqhlsVqoxUAowQn9QrqAbXHyJ7vAgYomSyqMEzEDGCatvG6mG2MgXmTLOkWGgW9ERsbs0dYnY0RvHAEQm0.mfV8uqlU96Ovs0NYxFEQclIhDFxGhAfbvlCDqc0LLb8&dib_tag=se&keywords=laser+engraver&qid=1754235116&sr=8-12,4.4 out of 5 stars
"xTool S1 40W Laser Engraver and Cutter Machine with Air Assist & Honeycomb, 23.93"" x 15.16"" Bed Size, Beginner-Friendly, Laser Engravering Machine for Wood and Metal, Acrylic, etc. - Basic Bundle","$1,899.00",https://www.amazon.com/xTool-S1-Enclosed-Engraver-Honeycomb/dp/B0CQ7ZW5KK/ref=sr_1_13?crid=2WVEEK6SPFYCI&dib=eyJ2IjoiMSJ9.OzLeIJHI3RKWw2Uk_jTB3SOfKJ4JuEc5HpDYGm8rkDksuKaUknRPuZPfavQZY02ivIdnDBDOdksM1qDl-haMxZVuYsyqsdCJonD0oYTlKjKP-nxRz4k6sMF0hWqLoMawIEGYNygmuIZ6_e3OUMNCGEzuqeIAuY9JSW4GPYnLXYTfzFz_re-rCrXy6KtURdbtPAWWMBsrPk2ZA2Uz26gfU9gLyDqhlsVqoxUAowQn9QrqAbXHyJ7vAgYomSyqMEzEDGCatvG6mG2MgXmTLOkWGgW9ERsbs0dYnY0RvHAEQm0.mfV8uqlU96Ovs0NYxFEQclIhDFxGhAfbvlCDqc0LLb8&dib_tag=se&keywords=laser+engraver&qid=1754235116&sr=8-13,4.6 out of 5 stars
"S1 Laser Engraver Machine, 2.5W(2500mW) High Precision Laser Cutter and Diode Laser Engraving Machine, 130x130mm Working Area for Wood and Metal, DIY Laser Engraver",$129.99,https://www.amazon.com/Engraver-Machine-Precision-Engraving-130x130mm/dp/B0F21GRT7Y/ref=sr_1_14?crid=2WVEEK6SPFYCI&dib=eyJ2IjoiMSJ9.OzLeIJHI3RKWw2Uk_jTB3SOfKJ4JuEc5HpDYGm8rkDksuKaUknRPuZPfavQZY02ivIdnDBDOdksM1qDl-haMxZVuYsyqsdCJonD0oYTlKjKP-nxRz4k6sMF0hWqLoMawIEGYNygmuIZ6_e3OUMNCGEzuqeIAuY9JSW4GPYnLXYTfzFz_re-rCrXy6KtURdbtPAWWMBsrPk2ZA2Uz26gfU9gLyDqhlsVqoxUAowQn9QrqAbXHyJ7vAgYomSyqMEzEDGCatvG6mG2MgXmTLOkWGgW9ERsbs0dYnY0RvHAEQm0.mfV8uqlU96Ovs0NYxFEQclIhDFxGhAfbvlCDqc0LLb8&dib_tag=se&keywords=laser+engraver&qid=1754235116&sr=8-14,4.2 out of 5 stars
"Creality Laser Engraver Machine 10W Output Power, 72W DIY Laser Engraving Machine 0.06mm High Precision Laser Cutter and Engraver for Wood and Metal, Paper, Acrylic, Glass, Leather etc, 17"" x 16""",$199.99,https://www.amazon.com/Creality-Engraver-10W-Engraving-Precision/dp/B0C9BZS3PX/ref=sr_1_15?crid=2WVEEK6SPFYCI&dib=eyJ2IjoiMSJ9.OzLeIJHI3RKWw2Uk_jTB3SOfKJ4JuEc5HpDYGm8rkDksuKaUknRPuZPfavQZY02ivIdnDBDOdksM1qDl-haMxZVuYsyqsdCJonD0oYTlKjKP-nxRz4k6sMF0hWqLoMawIEGYNygmuIZ6_e3OUMNCGEzuqeIAuY9JSW4GPYnLXYTfzFz_re-rCrXy6KtURdbtPAWWMBsrPk2ZA2Uz26gfU9gLyDqhlsVqoxUAowQn9QrqAbXHyJ7vAgYomSyqMEzEDGCatvG6mG2MgXmTLOkWGgW9ERsbs0dYnY0RvHAEQm0.mfV8uqlU96Ovs0NYxFEQclIhDFxGhAfbvlCDqc0LLb8&dib_tag=se&keywords=laser+engraver&qid=1754235116&sr=8-15,4.2 out of 5 stars
LONGER RAY5 Laser Engraver 2500mW High Precision 0.04 * 0.04mm Laser Cutter and Engraving Machine 130x130mm Working Area Mini Portable Laser Engraver for Wood Metal Acrylic Glass,$98.99,https://www.amazon.com/Engraver-Precision-Engraving-130x130mm-Portable/dp/B0DZ5QHV8W/ref=sr_1_16?crid=2WVEEK6SPFYCI&dib=eyJ2IjoiMSJ9.OzLeIJHI3RKWw2Uk_jTB3SOfKJ4JuEc5HpDYGm8rkDksuKaUknRPuZPfavQZY02ivIdnDBDOdksM1qDl-haMxZVuYsyqsdCJonD0oYTlKjKP-nxRz4k6sMF0hWqLoMawIEGYNygmuIZ6_e3OUMNCGEzuqeIAuY9JSW4GPYnLXYTfzFz_re-rCrXy6KtURdbtPAWWMBsrPk2ZA2Uz26gfU9gLyDqhlsVqoxUAowQn9QrqAbXHyJ7vAgYomSyqMEzEDGCatvG6mG2MgXmTLOkWGgW9ERsbs0dYnY0RvHAEQm0.mfV8uqlU96Ovs0NYxFEQclIhDFxGhAfbvlCDqc0LLb8&dib_tag=se&keywords=laser+engraver&qid=1754235116&sr=8-16,5.0 out of 5 stars
"xTool F1 Lite Laser Engraver, 4000mm/s Lightning Speed Portable Laser Engraving Machine, Ultra HD Laser Engraver for Wood, Leather, Acrylic, Glass, and More",$899.00,https://www.amazon.com/xTool-Engraver-Lightning-Portable-Engraving/dp/B0DS2HQF3V/ref=sr_1_17?crid=2WVEEK6SPFYCI&dib=eyJ2IjoiMSJ9.OzLeIJHI3RKWw2Uk_jTB3SOfKJ4JuEc5HpDYGm8rkDksuKaUknRPuZPfavQZY02ivIdnDBDOdksM1qDl-haMxZVuYsyqsdCJonD0oYTlKjKP-nxRz4k6sMF0hWqLoMawIEGYNygmuIZ6_e3OUMNCGEzuqeIAuY9JSW4GPYnLXYTfzFz_re-rCrXy6KtURdbtPAWWMBsrPk2ZA2Uz26gfU9gLyDqhlsVqoxUAowQn9QrqAbXHyJ7vAgYomSyqMEzEDGCatvG6mG2MgXmTLOkWGgW9ERsbs0dYnY0RvHAEQm0.mfV8uqlU96Ovs0NYxFEQclIhDFxGhAfbvlCDqc0LLb8&dib_tag=se&keywords=laser+engraver&qid=1754235116&sr=8-17,4.6 out of 5 stars
"ORTUR Laser Master 2 S2 LU2-2, 24V Laser Engraver Machine, 0.06mm Fixed-Focus Eye Protection Compressed Spot, 32-bit Motherboard",$158.59,https://www.amazon.com/Fixed-Focus-Protection-Compressed-Motherboard-Engraving/dp/B09NBK615C/ref=sr_1_18?crid=2WVEEK6SPFYCI&dib=eyJ2IjoiMSJ9.OzLeIJHI3RKWw2Uk_jTB3SOfKJ4JuEc5HpDYGm8rkDksuKaUknRPuZPfavQZY02ivIdnDBDOdksM1qDl-haMxZVuYsyqsdCJonD0oYTlKjKP-nxRz4k6sMF0hWqLoMawIEGYNygmuIZ6_e3OUMNCGEzuqeIAuY9JSW4GPYnLXYTfzFz_re-rCrXy6KtURdbtPAWWMBsrPk2ZA2Uz26gfU9gLyDqhlsVqoxUAowQn9QrqAbXHyJ7vAgYomSyqMEzEDGCatvG6mG2MgXmTLOkWGgW9ERsbs0dYnY0RvHAEQm0.mfV8uqlU96Ovs0NYxFEQclIhDFxGhAfbvlCDqc0LLb8&dib_tag=se&keywords=laser+engraver&qid=1754235116&sr=8-18,4.0 out of 5 stars
"Laser Engraver S1 Portable Laser Cutter and Engraver CNC Machine for DIY,Wood,Metal,Acrylic,Leather,etc. (S1 3.5W)",,https://www.amazon.com/ACMER-Engraver-Portable-Machine-Acrylic/dp/B0DGKDR76B/ref=sr_1_19?crid=2WVEEK6SPFYCI&dib=eyJ2IjoiMSJ9.OzLeIJHI3RKWw2Uk_jTB3SOfKJ4JuEc5HpDYGm8rkDksuKaUknRPuZPfavQZY02ivIdnDBDOdksM1qDl-haMxZVuYsyqsdCJonD0oYTlKjKP-nxRz4k6sMF0hWqLoMawIEGYNygmuIZ6_e3OUMNCGEzuqeIAuY9JSW4GPYnLXYTfzFz_re-rCrXy6KtURdbtPAWWMBsrPk2ZA2Uz26gfU9gLyDqhlsVqoxUAowQn9QrqAbXHyJ7vAgYomSyqMEzEDGCatvG6mG2MgXmTLOkWGgW9ERsbs0dYnY0RvHAEQm0.mfV8uqlU96Ovs0NYxFEQclIhDFxGhAfbvlCDqc0LLb8&dib_tag=se&keywords=laser+engraver&qid=1754235116&sr=8-19,4.5 out of 5 stars
"xTool S1 20W Laser Cutter and Laser Engraver for Tumblers, 23.93"" x 15.16"" Bed Size, 600mm/s Speed, Laser Engraving Machine, Laser Engraver for Wood and Metal, Acrylic, Big Project - Rotary Bundle","$1,599.00",https://www.amazon.com/xTool-S1-Engraver-Engraving-Beginner-Friendly/dp/B0CPM1MSS4/ref=sr_1_20?crid=2WVEEK6SPFYCI&dib=eyJ2IjoiMSJ9.OzLeIJHI3RKWw2Uk_jTB3SOfKJ4JuEc5HpDYGm8rkDksuKaUknRPuZPfavQZY02ivIdnDBDOdksM1qDl-haMxZVuYsyqsdCJonD0oYTlKjKP-nxRz4k6sMF0hWqLoMawIEGYNygmuIZ6_e3OUMNCGEzuqeIAuY9JSW4GPYnLXYTfzFz_re-rCrXy6KtURdbtPAWWMBsrPk2ZA2Uz26gfU9gLyDqhlsVqoxUAowQn9QrqAbXHyJ7vAgYomSyqMEzEDGCatvG6mG2MgXmTLOkWGgW9ERsbs0dYnY0RvHAEQm0.mfV8uqlU96Ovs0NYxFEQclIhDFxGhAfbvlCDqc0LLb8&dib_tag=se&keywords=laser+engraver&qid=1754235116&sr=8-20,4.5 out of 5 stars
"Genmitsu Kiosk 10W Laser Engraver, Light Weight & Portable Laser Engraver Machine, Home Laser Cutter with Acrylic Enclosure for DIY Wood/Leather/Metal, 3.9 x 3.9inch Engraving Area, Laser Safety Class 1",$254.99,https://www.amazon.com/Engraver-Portable-Machine-Enclosure-Engraving/dp/B0DHGM1RTD/ref=sr_1_21?crid=2WVEEK6SPFYCI&dib=eyJ2IjoiMSJ9.OzLeIJHI3RKWw2Uk_jTB3SOfKJ4JuEc5HpDYGm8rkDksuKaUknRPuZPfavQZY02ivIdnDBDOdksM1qDl-haMxZVuYsyqsdCJonD0oYTlKjKP-nxRz4k6sMF0hWqLoMawIEGYNygmuIZ6_e3OUMNCGEzuqeIAuY9JSW4GPYnLXYTfzFz_re-rCrXy6KtURdbtPAWWMBsrPk2ZA2Uz26gfU9gLyDqhlsVqoxUAowQn9QrqAbXHyJ7vAgYomSyqMEzEDGCatvG6mG2MgXmTLOkWGgW9ERsbs0dYnY0RvHAEQm0.mfV8uqlU96Ovs0NYxFEQclIhDFxGhAfbvlCDqc0LLb8&dib_tag=se&keywords=laser+engraver&qid=1754235116&sr=8-21,3.8 out of 5 stars
"Laser Engraving Machine, Woxcker L2 MAX 5.5W Enclosure Laser Engraver, CNC Engraving Machine 0.01mm High Precision Laser Engraving and Cutting for Wood Leather Glass Acrylic (Class 1 Laser 5500mW)",$339.99,https://www.amazon.com/Engraving-Woxcker-L2-MAX-Enclosure/dp/B0DYS4DN7K/ref=sr_1_22?crid=2WVEEK6SPFYCI&dib=eyJ2IjoiMSJ9.OzLeIJHI3RKWw2Uk_jTB3SOfKJ4JuEc5HpDYGm8rkDksuKaUknRPuZPfavQZY02ivIdnDBDOdksM1qDl-haMxZVuYsyqsdCJonD0oYTlKjKP-nxRz4k6sMF0hWqLoMawIEGYNygmuIZ6_e3OUMNCGEzuqeIAuY9JSW4GPYnLXYTfzFz_re-rCrXy6KtURdbtPAWWMBsrPk2ZA2Uz26gfU9gLyDqhlsVqoxUAowQn9QrqAbXHyJ7vAgYomSyqMEzEDGCatvG6mG2MgXmTLOkWGgW9ERsbs0dYnY0RvHAEQm0.mfV8uqlU96Ovs0NYxFEQclIhDFxGhAfbvlCDqc0LLb8&dib_tag=se&keywords=laser+engraver&qid=1754235116&sr=8-22,4.8 out of 5 stars
"Longer Nano 6000mW Laser Engraver 0.05mm Precision 5000mm/s High Speed Portable Laser Engraving Machine Suitable for Wood, Acrylic, Leather, Fabric, Metal, Ceramic",$503.99,https://www.amazon.com/Longer-Nano-Engraver-Precision-Engraving/dp/B0DJVV61C1/ref=sr_1_23?crid=2WVEEK6SPFYCI&dib=eyJ2IjoiMSJ9.OzLeIJHI3RKWw2Uk_jTB3SOfKJ4JuEc5HpDYGm8rkDksuKaUknRPuZPfavQZY02ivIdnDBDOdksM1qDl-haMxZVuYsyqsdCJonD0oYTlKjKP-nxRz4k6sMF0hWqLoMawIEGYNygmuIZ6_e3OUMNCGEzuqeIAuY9JSW4GPYnLXYTfzFz_re-rCrXy6KtURdbtPAWWMBsrPk2ZA2Uz26gfU9gLyDqhlsVqoxUAowQn9QrqAbXHyJ7vAgYomSyqMEzEDGCatvG6mG2MgXmTLOkWGgW9ERsbs0dYnY0RvHAEQm0.mfV8uqlU96Ovs0NYxFEQclIhDFxGhAfbvlCDqc0LLb8&dib_tag=se&keywords=laser+engraver&qid=1754235116&sr=8-23,4.3 out of 5 stars
"LONGER RAY5 Mini Laser Engraver, 12000mm/min High-Speed Cutter for Wood, Metal, Acrylic, Leather, DIY CNC, 140x130mm Engraving Area, WiFi, Emergency Stop Safety (3.5W)",$149.99,https://www.amazon.com/RAY5-Mini-High-Speed-140x130mm-Engraving/dp/B0F2YN857C/ref=sr_1_24?crid=2WVEEK6SPFYCI&dib=eyJ2IjoiMSJ9.OzLeIJHI3RKWw2Uk_jTB3SOfKJ4JuEc5HpDYGm8rkDksuKaUknRPuZPfavQZY02ivIdnDBDOdksM1qDl-haMxZVuYsyqsdCJonD0oYTlKjKP-nxRz4k6sMF0hWqLoMawIEGYNygmuIZ6_e3OUMNCGEzuqeIAuY9JSW4GPYnLXYTfzFz_re-rCrXy6KtURdbtPAWWMBsrPk2ZA2Uz26gfU9gLyDqhlsVqoxUAowQn9QrqAbXHyJ7vAgYomSyqMEzEDGCatvG6mG2MgXmTLOkWGgW9ERsbs0dYnY0RvHAEQm0.mfV8uqlU96Ovs0NYxFEQclIhDFxGhAfbvlCDqc0LLb8&dib_tag=se&keywords=laser+engraver&qid=1754235116&sr=8-24,4.7 out of 5 stars
"xTool F1 2-in-1 Dual Laser Engraver Deluxe Bundle, with Slide Extension, Rotary Extension and Air Purifier, Lightning Speed Portable Fiber Laser Engraver for Metal Wood Leather Plastic Acylic",,https://www.amazon.com/xTool-Engraver-Extension-Purifier-Lightning/dp/B0CNPDJCC4/ref=sr_1_25?crid=2WVEEK6SPFYCI&dib=eyJ2IjoiMSJ9.OzLeIJHI3RKWw2Uk_jTB3SOfKJ4JuEc5HpDYGm8rkDksuKaUknRPuZPfavQZY02ivIdnDBDOdksM1qDl-haMxZVuYsyqsdCJonD0oYTlKjKP-nxRz4k6sMF0hWqLoMawIEGYNygmuIZ6_e3OUMNCGEzuqeIAuY9JSW4GPYnLXYTfzFz_re-rCrXy6KtURdbtPAWWMBsrPk2ZA2Uz26gfU9gLyDqhlsVqoxUAowQn9QrqAbXHyJ7vAgYomSyqMEzEDGCatvG6mG2MgXmTLOkWGgW9ERsbs0dYnY0RvHAEQm0.mfV8uqlU96Ovs0NYxFEQclIhDFxGhAfbvlCDqc0LLb8&dib_tag=se&keywords=laser+engraver&qid=1754235116&sr=8-25,4.6 out of 5 stars
"OMTech K40+ 45W CO2 Laser Engraver, 12""x8"" Desktop Laser Cutter & Engraving Machine for Home Use, LaserGRBL LightBurn Compatible, Adjustable Laser Head Air Assist for Wood Glass More",$799.99,https://www.amazon.com/OMTech-Engraving-LightBurn-Compatible-LaserGRBL/dp/B0DFM5L5MD/ref=sr_1_26?crid=2WVEEK6SPFYCI&dib=eyJ2IjoiMSJ9.OzLeIJHI3RKWw2Uk_jTB3SOfKJ4JuEc5HpDYGm8rkDksuKaUknRPuZPfavQZY02ivIdnDBDOdksM1qDl-haMxZVuYsyqsdCJonD0oYTlKjKP-nxRz4k6sMF0hWqLoMawIEGYNygmuIZ6_e3OUMNCGEzuqeIAuY9JSW4GPYnLXYTfzFz_re-rCrXy6KtURdbtPAWWMBsrPk2ZA2Uz26gfU9gLyDqhlsVqoxUAowQn9QrqAbXHyJ7vAgYomSyqMEzEDGCatvG6mG2MgXmTLOkWGgW9ERsbs0dYnY0RvHAEQm0.mfV8uqlU96Ovs0NYxFEQclIhDFxGhAfbvlCDqc0LLb8&dib_tag=se&keywords=laser+engraver&qid=1754235116&sr=8-26,4.3 out of 5 stars
"Longer RAY5 5000mW Laser Engraver is an economical Machine Suitable for Beginners, App Offline Control, DIY Engraver Tool for Metal/Glass/Wood, Engraving Area of 15.7""x15.7"", Laser Class ii",$269.18,https://www.amazon.com/Longer-Engraver-Acrylic-Compressed-400x400mm/dp/B09ZH6HGGZ/ref=sr_1_27?crid=2WVEEK6SPFYCI&dib=eyJ2IjoiMSJ9.OzLeIJHI3RKWw2Uk_jTB3SOfKJ4JuEc5HpDYGm8rkDksuKaUknRPuZPfavQZY02ivIdnDBDOdksM1qDl-haMxZVuYsyqsdCJonD0oYTlKjKP-nxRz4k6sMF0hWqLoMawIEGYNygmuIZ6_e3OUMNCGEzuqeIAuY9JSW4GPYnLXYTfzFz_re-rCrXy6KtURdbtPAWWMBsrPk2ZA2Uz26gfU9gLyDqhlsVqoxUAowQn9QrqAbXHyJ7vAgYomSyqMEzEDGCatvG6mG2MgXmTLOkWGgW9ERsbs0dYnY0RvHAEQm0.mfV8uqlU96Ovs0NYxFEQclIhDFxGhAfbvlCDqc0LLb8&dib_tag=se&keywords=laser+engraver&qid=1754235116&sr=8-27,3.9 out of 5 stars
"Creality Falcon A1 10W Laser Engraver, 80W Powerful Output, Fully Enclosed, 600mm/s Speed, HD Camera Auto Positioning, Pre-Assembled&Smart Material Recognition, Ideal for Wood & Metal, Class 1 Safety",$549.00,https://www.amazon.com/Creality-Laser-Engraver-Positioning-Pre-Assembled/dp/B0DQY38LYL/ref=sr_1_28?crid=2WVEEK6SPFYCI&dib=eyJ2IjoiMSJ9.OzLeIJHI3RKWw2Uk_jTB3SOfKJ4JuEc5HpDYGm8rkDksuKaUknRPuZPfavQZY02ivIdnDBDOdksM1qDl-haMxZVuYsyqsdCJonD0oYTlKjKP-nxRz4k6sMF0hWqLoMawIEGYNygmuIZ6_e3OUMNCGEzuqeIAuY9JSW4GPYnLXYTfzFz_re-rCrXy6KtURdbtPAWWMBsrPk2ZA2Uz26gfU9gLyDqhlsVqoxUAowQn9QrqAbXHyJ7vAgYomSyqMEzEDGCatvG6mG2MgXmTLOkWGgW9ERsbs0dYnY0RvHAEQm0.mfV8uqlU96Ovs0NYxFEQclIhDFxGhAfbvlCDqc0LLb8&dib_tag=se&keywords=laser+engraver&qid=1754235116&sr=8-28,4.3 out of 5 stars
"Longer RAY5 Laser Engraver, Laser Engraver 10W Output Power, 3.5” Color Touch Screen, App Offline Control, DIY Engraver Tool for Metal/Glass/Wood Engraving Area 15.75""x15.75""",$369.99,https://www.amazon.com/Longer-Engraver-Motherboard-Engraving-400x400mm/dp/B0B7LK9C3M/ref=sr_1_29?crid=2WVEEK6SPFYCI&dib=eyJ2IjoiMSJ9.OzLeIJHI3RKWw2Uk_jTB3SOfKJ4JuEc5HpDYGm8rkDksuKaUknRPuZPfavQZY02ivIdnDBDOdksM1qDl-haMxZVuYsyqsdCJonD0oYTlKjKP-nxRz4k6sMF0hWqLoMawIEGYNygmuIZ6_e3OUMNCGEzuqeIAuY9JSW4GPYnLXYTfzFz_re-rCrXy6KtURdbtPAWWMBsrPk2ZA2Uz26gfU9gLyDqhlsVqoxUAowQn9QrqAbXHyJ7vAgYomSyqMEzEDGCatvG6mG2MgXmTLOkWGgW9ERsbs0dYnY0RvHAEQm0.mfV8uqlU96Ovs0NYxFEQclIhDFxGhAfbvlCDqc0LLb8&dib_tag=se&keywords=laser+engraver&qid=1754235116&sr=8-29,4.3 out of 5 stars
"LaserPecker LP1 Pro Laser Engraver for Beginners, Mini Portable Laser Engraving Machine for Wood/Leather/Felt, 190g Lightweight, 10,000+ Hour Lifespan, Laser Safety Glasses Included, Basic Set",$259.00,https://www.amazon.com/Engraver-Machines-LaserPecker-Engraving-Protective/dp/B08K8ZTZ6R/ref=sr_1_30?crid=2WVEEK6SPFYCI&dib=eyJ2IjoiMSJ9.OzLeIJHI3RKWw2Uk_jTB3SOfKJ4JuEc5HpDYGm8rkDksuKaUknRPuZPfavQZY02ivIdnDBDOdksM1qDl-haMxZVuYsyqsdCJonD0oYTlKjKP-nxRz4k6sMF0hWqLoMawIEGYNygmuIZ6_e3OUMNCGEzuqeIAuY9JSW4GPYnLXYTfzFz_re-rCrXy6KtURdbtPAWWMBsrPk2ZA2Uz26gfU9gLyDqhlsVqoxUAowQn9QrqAbXHyJ7vAgYomSyqMEzEDGCatvG6mG2MgXmTLOkWGgW9ERsbs0dYnY0RvHAEQm0.mfV8uqlU96Ovs0NYxFEQclIhDFxGhAfbvlCDqc0LLb8&dib_tag=se&keywords=laser+engraver&qid=1754235116&sr=8-30,4.2 out of 5 stars
"Creality Falcon 72W Output Laser Engraver, 5W Efficient Laser Engraver Machine, Laser Cutter and Engraver Machine for Wood, Metal,Paper, Acrylic, Leather, Lase Class 4",$139.99,https://www.amazon.com/Creality-Engraver-72000mW-Efficient-Engraving/dp/B0CXDBBYK6/ref=sr_1_31?crid=2WVEEK6SPFYCI&dib=eyJ2IjoiMSJ9.OzLeIJHI3RKWw2Uk_jTB3SOfKJ4JuEc5HpDYGm8rkDksuKaUknRPuZPfavQZY02ivIdnDBDOdksM1qDl-haMxZVuYsyqsdCJonD0oYTlKjKP-nxRz4k6sMF0hWqLoMawIEGYNygmuIZ6_e3OUMNCGEzuqeIAuY9JSW4GPYnLXYTfzFz_re-rCrXy6KtURdbtPAWWMBsrPk2ZA2Uz26gfU9gLyDqhlsVqoxUAowQn9QrqAbXHyJ7vAgYomSyqMEzEDGCatvG6mG2MgXmTLOkWGgW9ERsbs0dYnY0RvHAEQm0.mfV8uqlU96Ovs0NYxFEQclIhDFxGhAfbvlCDqc0LLb8&dib_tag=se&keywords=laser+engraver&qid=1754235116&sr=8-31,3.9 out of 5 stars
"UTKA A1 5W Mini Laser Engraver,High Speed 8000mm/min Laser Cutter, Portable Laser Engraving Machine for Wood,Leather,Acrylic,Painted Metal,Laser Class1 Mini Engraver with 3.93 * 3.93in Engraving Area",$249.99,https://www.amazon.com/UTKA-Engraver-Portable-Engraving-Machine/dp/B0DSTN39Y2/ref=sr_1_32?crid=2WVEEK6SPFYCI&dib=eyJ2IjoiMSJ9.OzLeIJHI3RKWw2Uk_jTB3SOfKJ4JuEc5HpDYGm8rkDksuKaUknRPuZPfavQZY02ivIdnDBDOdksM1qDl-haMxZVuYsyqsdCJonD0oYTlKjKP-nxRz4k6sMF0hWqLoMawIEGYNygmuIZ6_e3OUMNCGEzuqeIAuY9JSW4GPYnLXYTfzFz_re-rCrXy6KtURdbtPAWWMBsrPk2ZA2Uz26gfU9gLyDqhlsVqoxUAowQn9QrqAbXHyJ7vAgYomSyqMEzEDGCatvG6mG2MgXmTLOkWGgW9ERsbs0dYnY0RvHAEQm0.mfV8uqlU96Ovs0NYxFEQclIhDFxGhAfbvlCDqc0LLb8&dib_tag=se&keywords=laser+engraver&qid=1754235116&sr=8-32,4.0 out of 5 stars
"LONGER RAY5 130W Laser Engraver, 20W Output CNC Laser Cutter DIY Laser Engraving Machine, Exclusive 3.5"" Touch Screen for DIY, Cutting Tool for Metal Colorizing, Wood, Acrylic, Leather, Glass",$499.95,https://www.amazon.com/Engraver-20W-Engraving-Exclusive-Colorizing/dp/B0C2CWMWQN/ref=sr_1_33?crid=2WVEEK6SPFYCI&dib=eyJ2IjoiMSJ9.OzLeIJHI3RKWw2Uk_jTB3SOfKJ4JuEc5HpDYGm8rkDksuKaUknRPuZPfavQZY02ivIdnDBDOdksM1qDl-haMxZVuYsyqsdCJonD0oYTlKjKP-nxRz4k6sMF0hWqLoMawIEGYNygmuIZ6_e3OUMNCGEzuqeIAuY9JSW4GPYnLXYTfzFz_re-rCrXy6KtURdbtPAWWMBsrPk2ZA2Uz26gfU9gLyDqhlsVqoxUAowQn9QrqAbXHyJ7vAgYomSyqMEzEDGCatvG6mG2MgXmTLOkWGgW9ERsbs0dYnY0RvHAEQm0.mfV8uqlU96Ovs0NYxFEQclIhDFxGhAfbvlCDqc0LLb8&dib_tag=se&keywords=laser+engraver&qid=1754235116&sr=8-33,4.1 out of 5 stars
DAJA DJ6 Laser Engraver with Higher Columns Portable Laser Engraving Machine Kits for DIY Supports Win/Mobile System/Offline Laser Cutter (Working Area 3.15 * 3.15 inches),$149.00,https://www.amazon.com/DAJA-DJ6-Engraver-Portable-Engraving/dp/B0DKSWNBF9/ref=sr_1_34?crid=2WVEEK6SPFYCI&dib=eyJ2IjoiMSJ9.OzLeIJHI3RKWw2Uk_jTB3SOfKJ4JuEc5HpDYGm8rkDksuKaUknRPuZPfavQZY02ivIdnDBDOdksM1qDl-haMxZVuYsyqsdCJonD0oYTlKjKP-nxRz4k6sMF0hWqLoMawIEGYNygmuIZ6_e3OUMNCGEzuqeIAuY9JSW4GPYnLXYTfzFz_re-rCrXy6KtURdbtPAWWMBsrPk2ZA2Uz26gfU9gLyDqhlsVqoxUAowQn9QrqAbXHyJ7vAgYomSyqMEzEDGCatvG6mG2MgXmTLOkWGgW9ERsbs0dYnY0RvHAEQm0.mfV8uqlU96Ovs0NYxFEQclIhDFxGhAfbvlCDqc0LLb8&dib_tag=se&keywords=laser+engraver&qid=1754235116&sr=8-34,3.7 out of 5 stars
"Twotrees TS1 Mini 3W Laser Engraver,Portable Laser Engraving Machine,Lase Cutter,3000mm/min Speed,80x80x30 mm Working Area,Laser Engraver Machine for Jewelry, Metal, Wood, Glass,Leather",$149.99,https://www.amazon.com/Twotrees-TS1-Engraver-Portable-Engraving/dp/B0F2FYJNFN/ref=sr_1_35?crid=2WVEEK6SPFYCI&dib=eyJ2IjoiMSJ9.OzLeIJHI3RKWw2Uk_jTB3SOfKJ4JuEc5HpDYGm8rkDksuKaUknRPuZPfavQZY02ivIdnDBDOdksM1qDl-haMxZVuYsyqsdCJonD0oYTlKjKP-nxRz4k6sMF0hWqLoMawIEGYNygmuIZ6_e3OUMNCGEzuqeIAuY9JSW4GPYnLXYTfzFz_re-rCrXy6KtURdbtPAWWMBsrPk2ZA2Uz26gfU9gLyDqhlsVqoxUAowQn9QrqAbXHyJ7vAgYomSyqMEzEDGCatvG6mG2MgXmTLOkWGgW9ERsbs0dYnY0RvHAEQm0.mfV8uqlU96Ovs0NYxFEQclIhDFxGhAfbvlCDqc0LLb8&dib_tag=se&keywords=laser+engraver&qid=1754235116&sr=8-35,3.6 out of 5 stars
"Longer RAY5 10W Laser Engraver with Air Pump, 3.5” Color Touch Screen, App Offline Control, DIY Engraver Tool for Metal/Glass/Wood Engraving Area 15.75""x15.75""",,https://www.amazon.com/Longer-RAY5-Engraver-Offline-Engraving/dp/B0DY7FGJ7W/ref=sr_1_36?crid=2WVEEK6SPFYCI&dib=eyJ2IjoiMSJ9.OzLeIJHI3RKWw2Uk_jTB3SOfKJ4JuEc5HpDYGm8rkDksuKaUknRPuZPfavQZY02ivIdnDBDOdksM1qDl-haMxZVuYsyqsdCJonD0oYTlKjKP-nxRz4k6sMF0hWqLoMawIEGYNygmuIZ6_e3OUMNCGEzuqeIAuY9JSW4GPYnLXYTfzFz_re-rCrXy6KtURdbtPAWWMBsrPk2ZA2Uz26gfU9gLyDqhlsVqoxUAowQn9QrqAbXHyJ7vAgYomSyqMEzEDGCatvG6mG2MgXmTLOkWGgW9ERsbs0dYnY0RvHAEQm0.mfV8uqlU96Ovs0NYxFEQclIhDFxGhAfbvlCDqc0LLb8&dib_tag=se&keywords=laser+engraver&qid=1754235116&sr=8-36,4.9 out of 5 stars
"Comgrow Z1 Laser Engraving Machine 5W Output Power, Laser Cutter and Engraver Machine 24V Compressed Spot 10000mm/min with Eye Protection for Wood Metal Glass Acrylic Leather 15.7""x15.7""",$151.99,https://www.amazon.com/Comgrow-Engraving-Engraver-Compressed-Protection/dp/B09S3JDQ44/ref=sr_1_37?crid=2WVEEK6SPFYCI&dib=eyJ2IjoiMSJ9.OzLeIJHI3RKWw2Uk_jTB3SOfKJ4JuEc5HpDYGm8rkDksuKaUknRPuZPfavQZY02ivIdnDBDOdksM1qDl-haMxZVuYsyqsdCJonD0oYTlKjKP-nxRz4k6sMF0hWqLoMawIEGYNygmuIZ6_e3OUMNCGEzuqeIAuY9JSW4GPYnLXYTfzFz_re-rCrXy6KtURdbtPAWWMBsrPk2ZA2Uz26gfU9gLyDqhlsVqoxUAowQn9QrqAbXHyJ7vAgYomSyqMEzEDGCatvG6mG2MgXmTLOkWGgW9ERsbs0dYnY0RvHAEQm0.mfV8uqlU96Ovs0NYxFEQclIhDFxGhAfbvlCDqc0LLb8&dib_tag=se&keywords=laser+engraver&qid=1754235116&sr=8-37,4.1 out of 5 stars
"Laser Engravers,ACMER S2 7000mW Laser Cutter and Lazer Engraving Machines,0.01mm Higher Accuracy,300x300mm,10000mm/min,48W Laser Wood Cutting Machine for DIY,Wood,Metal,Leather Acrylic,Glass.",$259.99,https://www.amazon.com/Engravers-ACMER-Engraving-Machines-300x300mm/dp/B0F7LRL697/ref=sr_1_38?crid=2WVEEK6SPFYCI&dib=eyJ2IjoiMSJ9.OzLeIJHI3RKWw2Uk_jTB3SOfKJ4JuEc5HpDYGm8rkDksuKaUknRPuZPfavQZY02ivIdnDBDOdksM1qDl-haMxZVuYsyqsdCJonD0oYTlKjKP-nxRz4k6sMF0hWqLoMawIEGYNygmuIZ6_e3OUMNCGEzuqeIAuY9JSW4GPYnLXYTfzFz_re-rCrXy6KtURdbtPAWWMBsrPk2ZA2Uz26gfU9gLyDqhlsVqoxUAowQn9QrqAbXHyJ7vAgYomSyqMEzEDGCatvG6mG2MgXmTLOkWGgW9ERsbs0dYnY0RvHAEQm0.mfV8uqlU96Ovs0NYxFEQclIhDFxGhAfbvlCDqc0LLb8&dib_tag=se&keywords=laser+engraver&qid=1754235116&sr=8-38,5.0 out of 5 stars
"ATOMSTACK P1 Dual Laser Engraver, 5W Diode, 1.2W Infrared Laser, Laser Cutter, Enclosed Laser Engraving Machine, Beginners, Hobbyists, Stainless Steel, Black Acrylic, Plastic, 2-in-1 Laser Dual",$419.99,https://www.amazon.com/ATOMSTACK-P1-Engraving-Beginners-Hobbyists/dp/B0DZ1WQF6Y/ref=sr_1_39?crid=2WVEEK6SPFYCI&dib=eyJ2IjoiMSJ9.OzLeIJHI3RKWw2Uk_jTB3SOfKJ4JuEc5HpDYGm8rkDksuKaUknRPuZPfavQZY02ivIdnDBDOdksM1qDl-haMxZVuYsyqsdCJonD0oYTlKjKP-nxRz4k6sMF0hWqLoMawIEGYNygmuIZ6_e3OUMNCGEzuqeIAuY9JSW4GPYnLXYTfzFz_re-rCrXy6KtURdbtPAWWMBsrPk2ZA2Uz26gfU9gLyDqhlsVqoxUAowQn9QrqAbXHyJ7vAgYomSyqMEzEDGCatvG6mG2MgXmTLOkWGgW9ERsbs0dYnY0RvHAEQm0.mfV8uqlU96Ovs0NYxFEQclIhDFxGhAfbvlCDqc0LLb8&dib_tag=se&keywords=laser+engraver&qid=1754235116&sr=8-39,3.8 out of 5 stars
"ComMarker Omni1 5W UV Laser Engraving Machine with Electric Lifting with 2 Optional Lenses, Support EZCAD and LightBurn Laser Engraver, Unlock All Material with UV Laser","$3,999.00",https://www.amazon.com/ComMarker-Omni1-5W-Compatible-Lightburn/dp/B0DCNSLV29/ref=sr_1_40?crid=2WVEEK6SPFYCI&dib=eyJ2IjoiMSJ9.OzLeIJHI3RKWw2Uk_jTB3SOfKJ4JuEc5HpDYGm8rkDksuKaUknRPuZPfavQZY02ivIdnDBDOdksM1qDl-haMxZVuYsyqsdCJonD0oYTlKjKP-nxRz4k6sMF0hWqLoMawIEGYNygmuIZ6_e3OUMNCGEzuqeIAuY9JSW4GPYnLXYTfzFz_re-rCrXy6KtURdbtPAWWMBsrPk2ZA2Uz26gfU9gLyDqhlsVqoxUAowQn9QrqAbXHyJ7vAgYomSyqMEzEDGCatvG6mG2MgXmTLOkWGgW9ERsbs0dYnY0RvHAEQm0.mfV8uqlU96Ovs0NYxFEQclIhDFxGhAfbvlCDqc0LLb8&dib_tag=se&keywords=laser+engraver&qid=1754235116&sr=8-40,5.0 out of 5 stars
"LaserPecker LP2 Laser Engraver with Roller, Portable and Handheld Laser Engraving Machine for Wood Metal Leather Acylic Engraving Laser Cutter, Suit Set with Versatile Rotary Roller",$738.99,https://www.amazon.com/LaserPecker-Engraver-Compressed-Precision-Engraving/dp/B09TQXYLZX/ref=sr_1_41?crid=2WVEEK6SPFYCI&dib=eyJ2IjoiMSJ9.OzLeIJHI3RKWw2Uk_jTB3SOfKJ4JuEc5HpDYGm8rkDksuKaUknRPuZPfavQZY02ivIdnDBDOdksM1qDl-haMxZVuYsyqsdCJonD0oYTlKjKP-nxRz4k6sMF0hWqLoMawIEGYNygmuIZ6_e3OUMNCGEzuqeIAuY9JSW4GPYnLXYTfzFz_re-rCrXy6KtURdbtPAWWMBsrPk2ZA2Uz26gfU9gLyDqhlsVqoxUAowQn9QrqAbXHyJ7vAgYomSyqMEzEDGCatvG6mG2MgXmTLOkWGgW9ERsbs0dYnY0RvHAEQm0.mfV8uqlU96Ovs0NYxFEQclIhDFxGhAfbvlCDqc0LLb8&dib_tag=se&keywords=laser+engraver&qid=1754235116&sr=8-41,4.2 out of 5 stars
"Ortur Laser Master 2 Pro S2 10000mW Laser Engraver, High Precision Laser Engraving Machine, 15,000mm/min Efficient Laser Engraver for Wood and Metal, Acrylic Glass Leather, Laser Class 4",$349.99,https://www.amazon.com/Ortur-Engraver-Precision-Engraving-Efficient/dp/B0DRYHB5JN/ref=sr_1_42?crid=2WVEEK6SPFYCI&dib=eyJ2IjoiMSJ9.OzLeIJHI3RKWw2Uk_jTB3SOfKJ4JuEc5HpDYGm8rkDksuKaUknRPuZPfavQZY02ivIdnDBDOdksM1qDl-haMxZVuYsyqsdCJonD0oYTlKjKP-nxRz4k6sMF0hWqLoMawIEGYNygmuIZ6_e3OUMNCGEzuqeIAuY9JSW4GPYnLXYTfzFz_re-rCrXy6KtURdbtPAWWMBsrPk2ZA2Uz26gfU9gLyDqhlsVqoxUAowQn9QrqAbXHyJ7vAgYomSyqMEzEDGCatvG6mG2MgXmTLOkWGgW9ERsbs0dYnY0RvHAEQm0.mfV8uqlU96Ovs0NYxFEQclIhDFxGhAfbvlCDqc0LLb8&dib_tag=se&keywords=laser+engraver&qid=1754235116&sr=8-42,4.6 out of 5 stars
"10W Output Laser Engraver, Ortur Laser Master 2 S2 LU2-10A 72W Efficient Laser Engraving Machine Fit, High Precision Laser Cutter, 0.05 x 0.1mm Compressed Spot Laser Engraver for Wood and Metal",$267.99,https://www.amazon.com/Engraver-Ortur-Efficient-Engraving-Compressed/dp/B0BXWTF1HS/ref=sr_1_43?crid=2WVEEK6SPFYCI&dib=eyJ2IjoiMSJ9.OzLeIJHI3RKWw2Uk_jTB3SOfKJ4JuEc5HpDYGm8rkDksuKaUknRPuZPfavQZY02ivIdnDBDOdksM1qDl-haMxZVuYsyqsdCJonD0oYTlKjKP-nxRz4k6sMF0hWqLoMawIEGYNygmuIZ6_e3OUMNCGEzuqeIAuY9JSW4GPYnLXYTfzFz_re-rCrXy6KtURdbtPAWWMBsrPk2ZA2Uz26gfU9gLyDqhlsVqoxUAowQn9QrqAbXHyJ7vAgYomSyqMEzEDGCatvG6mG2MgXmTLOkWGgW9ERsbs0dYnY0RvHAEQm0.mfV8uqlU96Ovs0NYxFEQclIhDFxGhAfbvlCDqc0LLb8&dib_tag=se&keywords=laser+engraver&qid=1754235116&sr=8-43,4.2 out of 5 stars
"xTool F1 2-in-1 Dual Laser Engraver, 4000mm/s Lightning Speed Portable Laser Engraving Machine, Laser Engraver for Jewelry, Metal, Wood, Leather, etc","$1,699.00",https://www.amazon.com/xTool-Engraver-Lightning-Portable-Engraving/dp/B0F43HG7YM/ref=sr_1_44?crid=2WVEEK6SPFYCI&dib=eyJ2IjoiMSJ9.OzLeIJHI3RKWw2Uk_jTB3SOfKJ4JuEc5HpDYGm8rkDksuKaUknRPuZPfavQZY02ivIdnDBDOdksM1qDl-haMxZVuYsyqsdCJonD0oYTlKjKP-nxRz4k6sMF0hWqLoMawIEGYNygmuIZ6_e3OUMNCGEzuqeIAuY9JSW4GPYnLXYTfzFz_re-rCrXy6KtURdbtPAWWMBsrPk2ZA2Uz26gfU9gLyDqhlsVqoxUAowQn9QrqAbXHyJ7vAgYomSyqMEzEDGCatvG6mG2MgXmTLOkWGgW9ERsbs0dYnY0RvHAEQm0.mfV8uqlU96Ovs0NYxFEQclIhDFxGhAfbvlCDqc0LLb8&dib_tag=se&keywords=laser+engraver&qid=1754235116&sr=8-44,
"Algolaser 20W Laser Engraver Machine - Laser Cutter/Engraver with Air Assist Kit - Laser Engraving Machine with 3.5"" Smart Touchscreen & 2.0 AlgoOS System, Laser Engraver for Wood,Metal,Glass",$699.99,https://www.amazon.com/Algolaser-20W-Laser-Engraver-Machine/dp/B0F5BH8YS7/ref=sr_1_45?crid=2WVEEK6SPFYCI&dib=eyJ2IjoiMSJ9.OzLeIJHI3RKWw2Uk_jTB3SOfKJ4JuEc5HpDYGm8rkDksuKaUknRPuZPfavQZY02ivIdnDBDOdksM1qDl-haMxZVuYsyqsdCJonD0oYTlKjKP-nxRz4k6sMF0hWqLoMawIEGYNygmuIZ6_e3OUMNCGEzuqeIAuY9JSW4GPYnLXYTfzFz_re-rCrXy6KtURdbtPAWWMBsrPk2ZA2Uz26gfU9gLyDqhlsVqoxUAowQn9QrqAbXHyJ7vAgYomSyqMEzEDGCatvG6mG2MgXmTLOkWGgW9ERsbs0dYnY0RvHAEQm0.mfV8uqlU96Ovs0NYxFEQclIhDFxGhAfbvlCDqc0LLb8&dib_tag=se&keywords=laser+engraver&qid=1754235116&sr=8-45,5.0 out of 5 stars
"TOOCAA 20W Laser Engraver,No-Charge Software, Laser Cutter and Engraver Machine with Enclosure,Status Atmosphere Light,USB Safety Interlock for Tumblers Wood Metal Acrylic",$799.00,https://www.amazon.com/TOOCAA-No-Charge-Enclosure-Atmosphere-Interlock/dp/B0F4K72FRG/ref=sr_1_46?crid=2WVEEK6SPFYCI&dib=eyJ2IjoiMSJ9.OzLeIJHI3RKWw2Uk_jTB3SOfKJ4JuEc5HpDYGm8rkDksuKaUknRPuZPfavQZY02ivIdnDBDOdksM1qDl-haMxZVuYsyqsdCJonD0oYTlKjKP-nxRz4k6sMF0hWqLoMawIEGYNygmuIZ6_e3OUMNCGEzuqeIAuY9JSW4GPYnLXYTfzFz_re-rCrXy6KtURdbtPAWWMBsrPk2ZA2Uz26gfU9gLyDqhlsVqoxUAowQn9QrqAbXHyJ7vAgYomSyqMEzEDGCatvG6mG2MgXmTLOkWGgW9ERsbs0dYnY0RvHAEQm0.mfV8uqlU96Ovs0NYxFEQclIhDFxGhAfbvlCDqc0LLb8&dib_tag=se&keywords=laser+engraver&qid=1754235116&sr=8-46,5.0 out of 5 stars
"S1 Portable Laser Engraver for Beginner Mini Laser Engraving Machine for Wood Metal, 3500mW Laser Class4 (S1-2500mW)",$119.00,https://www.amazon.com/ACMER-S1-Laser-Engraver-Engraving/dp/B0DWSYT4J2/ref=sr_1_47?crid=2WVEEK6SPFYCI&dib=eyJ2IjoiMSJ9.OzLeIJHI3RKWw2Uk_jTB3SOfKJ4JuEc5HpDYGm8rkDksuKaUknRPuZPfavQZY02ivIdnDBDOdksM1qDl-haMxZVuYsyqsdCJonD0oYTlKjKP-nxRz4k6sMF0hWqLoMawIEGYNygmuIZ6_e3OUMNCGEzuqeIAuY9JSW4GPYnLXYTfzFz_re-rCrXy6KtURdbtPAWWMBsrPk2ZA2Uz26gfU9gLyDqhlsVqoxUAowQn9QrqAbXHyJ7vAgYomSyqMEzEDGCatvG6mG2MgXmTLOkWGgW9ERsbs0dYnY0RvHAEQm0.mfV8uqlU96Ovs0NYxFEQclIhDFxGhAfbvlCDqc0LLb8&dib_tag=se&keywords=laser+engraver&qid=1754235116&sr=8-47,4.1 out of 5 stars
"Creality Falcon2 22W Laser Engraving Machine, Laser Cutter with Triple Monitoring System, for Metal and Wood, Paper, Acrylic, Glass, Leather etc., 400 mm*415 mm",$589.99,https://www.amazon.com/Creality-Falcon2-Engraving-Machine-Monitoring/dp/B0DZNX83HL/ref=sr_1_48?crid=2WVEEK6SPFYCI&dib=eyJ2IjoiMSJ9.OzLeIJHI3RKWw2Uk_jTB3SOfKJ4JuEc5HpDYGm8rkDksuKaUknRPuZPfavQZY02ivIdnDBDOdksM1qDl-haMxZVuYsyqsdCJonD0oYTlKjKP-nxRz4k6sMF0hWqLoMawIEGYNygmuIZ6_e3OUMNCGEzuqeIAuY9JSW4GPYnLXYTfzFz_re-rCrXy6KtURdbtPAWWMBsrPk2ZA2Uz26gfU9gLyDqhlsVqoxUAowQn9QrqAbXHyJ7vAgYomSyqMEzEDGCatvG6mG2MgXmTLOkWGgW9ERsbs0dYnY0RvHAEQm0.mfV8uqlU96Ovs0NYxFEQclIhDFxGhAfbvlCDqc0LLb8&dib_tag=se&keywords=laser+engraver&qid=1754235116&sr=8-48,5.0 out of 5 stars
